param1,param2,param3,diagnosis
0.9654818714200969,-0.5412880001120385,-0.8462698572534472,0
1.3418293733024322,-0.18428596314790352,0.5549216087495493,0
1.4893500205874886,-0.6095624008032111,0.15613319030394487,0
0.2894309612021874,-0.3367084640958662,-0.33340331193116485,0
1.716537979762768,1.0075838440424751,0.006807915467732166,0
2.1501138156938975,0.09427753821987964,0.07868848693925856,0
1.1907978318797472,-0.3859971228686502,0.5088087753118122,0
1.9468034547560555,-0.8944813982590052,0.041471448611751276,0
1.7538299140339801,0.7175416787938432,-0.04325580975736597,0
-0.03927449611323976,0.33379097131366786,-0.07372608485292839,0
0.10812867119160005,1.1733716097712417,-0.16446636373131643,0
1.8604325807016766,-0.3001463958519759,-0.14325071223770708,0
-0.2813713413618244,-0.585036536172446,-0.6330323030232258,0
1.160177016291696,-0.661406165601347,-0.06463007438851992,0
-0.11229191487037424,-0.07312145629909611,-0.4974627958545158,0
1.1076246230691196,0.9769337181732332,-0.032745185557301805,0
0.05501090032525056,-0.14792831823669067,-0.15372523842735686,0
1.709318551158563,0.5389449810738142,-0.11952752257270405,0
1.2163101728842869,-0.7261757234893069,-0.4112503592691652,0
0.7638579867158761,-0.3061243098281285,0.012406573370343675,0
0.9484577509279808,-1.09736344293572,0.18398239300398805,0
0.6346445614577481,0.8237054255829542,-0.15949475051795226,0
2.5142725846849814,0.41042000630863645,0.4217928521401331,0
1.3966100668490586,-0.481820138321388,0.4813236085303234,0
1.3314401663835107,-0.6939563582874273,-0.042042247310174724,0
1.3382276500470716,0.9261621462174809,-0.09369064214251313,0
0.2559088727908427,-0.0028093719806694117,0.12475344961348658,0
2.0456978516708877,-0.04962812384233606,0.3324913466094009,0
1.572666531757058,0.8106750666971625,-0.11136521386331757,0
0.04661224542518605,-0.8026353587390189,0.21320758075411017,0
0.9461736079994235,-0.9666885810969271,-0.006762499619538891,0
1.9527251884310657,-0.10431987059538629,-0.007660345285651148,0
0.984159272361355,0.9061118433208032,0.3437463014156147,0
0.3804039631353441,0.9076953937814171,-0.1359789158933233,0
-0.1523533666181603,0.2819776777337167,0.1975266175818694,0
1.3753420665119305,0.7965347783558844,-0.13959410511427192,0
1.7557678234092615,0.8163982572679476,-0.005436251403370399,0
-0.17984721676952314,0.15434157940067908,0.3847089579723008,0
1.1289134949619084,0.9761285876607226,0.17207567306767083,0
0.6451165758828553,-0.841452993058462,-0.14972394345452278,0
0.7019138335156607,1.1670626928531482,0.15914105036052836,0
1.7235382710081832,-0.3328305746655472,-0.5571871520082898,0
0.8931085134193617,-1.2651518326910194,0.07499638032150803,0
0.6813039368329453,0.7062431286406446,-0.008022820098976082,0
1.5196386672587348,-0.825494702652241,0.014479667516403432,0
1.850920141954676,-1.0915466873619242,0.5350199112056282,0
0.177752545079293,0.7523196466338242,0.049257891870016716,0
0.7361939477158556,1.0248276714241817,0.013381007914336244,0
0.5750620093553298,-0.879834167468551,-0.13333686810676096,0
1.6325528333208303,1.0505612633269974,0.018620492445099748,0
1.345244623476575,1.2388450017636201,0.4705186888363391,0
2.3155477382601184,0.31290676002465717,-0.033333170075937474,0
1.421796568590953,-1.3253493332598414,0.08459133662262337,0
0.021477325057134344,-1.1674638195976121,-0.6661584998485877,0
0.5137578836061822,-1.1281461958673642,-0.37754932061196084,0
1.035883065524051,-1.1547133263258065,0.024636564562099995,0
0.09308455437083119,0.23794658928648607,-0.01559682658004753,0
0.07956622254589653,-0.4575253950621452,0.04618569782641709,0
1.6546079623079,0.7619612771586115,0.006042889735546117,0
1.5568874177667131,0.5514918523362599,0.17539610036454426,0
0.07382040663353301,0.5310952259080007,0.39567401906928007,0
0.007837269100473911,0.29246779150903435,-0.0194096343265997,0
-0.26594403484547774,-0.555833451778503,0.10795771890746549,0
0.8681333070709208,-0.1002487470326221,0.4138416175221232,0
0.44741237003784795,-0.6797994737342965,0.26029707444518013,0
-0.31952354180161946,-0.7659088301818486,0.4612428516561545,0
0.2828326739808774,-0.4021306192034392,-0.10389747526457832,0
0.4070209775998093,2.4630680279371138,2.1347136311336636,0
1.7473206694192296,0.03444188111517563,-0.28955110828815467,0
0.18433060543562055,0.8659429004121496,-1.0411966201044751,0
1.1467473318480375,1.622511046908944,-1.0048982999103073,0
0.15453514207117802,-0.14467538914074007,-0.5977461640194758,0
1.584906076345146,-1.497024020509633,1.508204454794094,0
1.2566171864651852,1.531275711516498,-0.06899452630490674,0
1.9304794599186723,0.36223902550685805,0.0006876937795269356,0
1.5653924972078392,2.081707914562288,-0.4427966085812052,0
0.5797508584172444,0.8934650881142808,-0.21078769136210926,0
-0.13524455401989743,-0.9258804729598391,-0.31544470614727593,0
0.1864577287117673,-0.20353334036342483,0.10435780296060242,0
1.2549905229477172,-0.689038643341604,-0.19512152778743955,0
0.49523953812517374,-1.0232560950756322,-0.1838914863386985,0
0.9656400981336087,0.7300815389357235,-0.7618846758332536,0
1.7512737415658433,-0.7819115787621816,-0.15414741556895126,0
0.7552933395912447,1.424978552949025,-0.48859676480910735,0
1.9476417575448117,0.22010767097830042,-0.6719347682454645,0
1.6604406722340244,-0.47010837987154963,0.6135327412971094,0
0.5350600560992784,-0.29954462771125867,-0.5206051462913248,0
0.01169016259477812,-0.03865787295696746,-0.42571062527539666,0
1.4586094102732976,0.43409060672484456,0.8583461784555843,0
0.021563487157895786,-0.0014844250476477201,0.014598889759009118,0
1.381815377896678,0.6852449983904468,0.023227533137784032,0
0.6821225105911269,-1.1603585604476496,-0.8302383988946074,0
-0.3515845870147864,0.5571224955448819,0.0019154755712952386,0
0.21978258615864904,0.3414877972563948,0.1157050506143507,0
0.9547034065986897,0.8748232271840637,0.16857573816696714,0
0.31204610982904624,-0.719700745992715,-0.10287367732177034,0
0.5919651070946949,1.6883956426768925,0.675232142360508,0
1.675197706908635,0.44874812851118,0.053608383003730734,0
1.7368460379610648,0.6711047234808303,0.0010548433929143545,0
1.8785808426161537,-0.19743723995022278,0.006789784120290849,0
2.04581209154951,-0.6384158678292512,-0.00887273266912265,0
0.8054947107700879,-0.8734616412997747,-0.04501086452928042,0
0.801801837831629,0.9941520430954315,-0.12419118546577035,0
1.912605678208966,-0.2012446470174886,-0.15713073357939694,0
1.3352926642342253,-0.46542331649637747,-0.2619267616348444,0
0.8414522106057628,-1.0078120728374147,-0.01083157183683866,0
-0.03164643657739026,0.28120033034085506,-0.1691572389580825,0
0.9285580880125109,1.0258381957289278,-0.08128476286776529,0
2.0578285439665387,0.3333365416646942,0.19839891485222935,0
1.9032069717561204,-0.6227729527994443,0.29819596569121404,0
0.12081363086215417,0.5167547667228257,0.21306754623060437,0
1.2079697268296987,0.7514854894236948,0.0670149612267924,0
0.652962421198354,0.9523407343011503,-0.009888673078797285,0
0.09158315809302822,-0.3126149497894918,0.07210429112761907,0
1.432147453860793,1.0915229934900033,-0.01991211049103593,0
1.3269022310918215,-0.7138444056230234,-0.040138726835076036,0
0.20263547383723057,-0.8624568250508768,0.48230110925300657,0
0.5884252928966601,-0.919435680605624,-0.0109839722840787,0
-0.030014540120329072,0.4288031126047583,-0.0689721452349626,0
0.13069659976746364,-0.5193388010907773,-0.43697537391162783,0
-0.04238991531386274,-0.2655699373037358,0.11312309949354542,0
1.391557686836364,-0.23383927857304887,0.049748589831147084,0
2.0606188864913597,0.6175142541727273,-0.015434053208437423,0
-0.05453195567015387,0.9677470983862422,0.15712267859094695,0
2.04865104963943,0.8143718613522323,0.19911081173238032,0
-0.5736253674447438,0.896993192417165,0.11903136189656638,0
-0.30572759087392976,0.9887539212831514,-0.39099618065487046,0
2.2111372157625238,0.9926370732690046,-0.5290837663519916,0
2.0019552398870992,0.3675646133619316,-0.17681374846556092,0
-0.01036570043958987,-0.2753761841565061,-0.4501009755603502,0
0.7705893702160673,0.3123832135026463,-0.5999178173753303,0
1.9774154272822881,-0.6205688056778275,-0.09567645066899573,0
0.03557080424214039,-0.6087347490034997,0.055066194730720025,0
0.4712533243554456,0.10195519696076083,-0.4749893077265485,0
0.004903956292719447,-0.7988286896032519,-0.25686770836808126,0
1.8615860255383476,-0.938011290022859,0.7480555108407478,0
1.9204853163730466,-0.11721684539360827,-0.022529476193663484,0
-0.0018290234124185185,0.2549316373158902,-0.1896224234269983,0
0.9728856806371586,-1.0402807109046153,0.2783213726607382,0
1.7420497284198662,1.1667227961879163,-0.8736976875003946,0
-0.04914017652851216,0.07752012348839275,0.15852713651400513,0
-0.39412062137111337,0.33518027721510385,0.48818554144283377,0
2.1276197225736975,-0.67209597960668,0.0551783919633263,0
0.10621239978952027,-0.445969478340214,-4.952983507375477e-05,0
-0.07236548128208921,0.2604833637633702,0.5830659458518199,0
0.8021101886265276,0.9024351703660343,-0.04156721578606102,0
0.032643142531025626,0.4964978212236208,-0.03361202168216611,0
0.17770571973457644,-0.2459965576877795,-0.15673068473299942,0
0.07742595545614278,0.27748863002447843,0.024085359773933532,0
1.9910743543041667,0.1156364267481752,-0.47776691048930175,0
1.0970349818306786,-1.2553847546957826,0.05106063717703779,0
1.8217576957212425,-1.2564197679089024,1.7631961882764478,0
1.7589756749143313,0.9438416586539277,0.08942959435761824,0
-0.12099643962900672,-1.772065728293664,0.5251986170667172,0
1.101009212811725,0.2742939303556024,0.4861264578879126,0
0.4793719270210889,-0.9484609452209698,-0.11857942028386927,0
0.8085531052653607,0.9817210661213283,-0.0030224000731228495,0
0.4477591636000137,-0.5824681395204797,-0.09644717653237067,0
1.4315452594383586,-0.9020753420491457,0.21841915436940007,0
1.07499847830902,-0.7537260453131857,-0.14587357900325693,0
1.728716220390613,0.6273730032552739,0.07597488002968732,0
1.612458705730992,-0.7236393143444775,-0.342261498505486,0
1.1242769409161995,0.9827817444760487,-0.0032669485711543846,0
3.3007750026097487,-1.0555293776981833,0.4644945791049779,0
0.02776975278838215,-0.26817960945672736,0.04926212089950746,0
0.2470781192436864,0.7093507094038141,0.09678480858277469,0
1.227086644537545,0.023319944733278475,-0.42250841248801707,0
1.530039144052571,-1.1579613482688258,-0.16254688511696122,0
1.1016712578607568,1.189562468296962,-0.36855889704125494,0
1.2839097592739224,0.07591008011878736,-0.23351948875381584,0
-0.18984492669065278,1.5699434821906624,0.6611662326658048,0
-0.005059939630920279,-0.10296085823451642,-0.014591793458725508,0
1.2109891922347273,1.615117827045614,0.485233662680739,0
1.9021920489683686,-0.38303244040637585,0.015870534544861748,0
1.5558458884061046,0.8495615002003748,0.19641151076412025,0
1.6935776974903303,1.3425551601814654,-0.19973706626412965,0
-0.13584335682031096,0.47233732904717235,0.14295816713665727,0
1.877477947024842,-0.2240841670551597,-0.3341337816399141,0
1.9469416336899816,-0.2586877664641058,0.9882807969428132,0
1.2377671734298734,-1.2448160939912374,-0.5853687919574395,0
1.5847585325126095,-0.2686317723116064,0.20539484385056717,0
1.7173181259478705,-0.3024461438869608,-0.5965654257089565,0
0.029978948231468988,-0.013685741564611095,-0.33335718038406403,0
0.7634967218734099,0.6179223183306405,0.19434178436681135,0
1.1917716559094573,-1.2753905515906008,0.11626568054933542,0
-0.0120433945256741,-0.9479246684509426,0.16319356729375506,0
0.4853825616448195,1.5748672757668638,0.6428971817755758,0
1.4520532721164359,1.264560327283839,-0.4143746958583339,0
0.99814654888959,-0.6034289891518807,0.19383496437919745,0
0.9737904501696203,0.9526538756653025,-0.037442943875118276,0
1.7185326478056528,-0.4344846801853877,-0.10227052134784333,0
1.1589859652036372,0.8916335159225071,0.12685261041182005,0
1.700409540119891,0.11818065910949904,-0.337429262125177,0
1.1217345652467903,-1.4550901046750075,0.04331148800066688,0
1.8249098679605098,1.2718917653356603,0.07852033866689057,0
1.3101604316431952,0.8528896447683361,-0.06039695932210655,0
0.39171489115401303,-1.050895185846863,-0.013144665906634049,0
1.6906390173568047,-0.6039354551138499,0.03869682477826374,0
1.3602385030903714,0.8011604084765706,0.12650971987488036,0
2.4278274436934595,1.357098215166718,0.8760549698080465,0
1.5040294866253454,-2.2819708562943597,-0.5484608412727965,0
1.8963107542598971,-0.44997853756739215,0.18091041159406251,0
-0.17040787880954586,0.058691210407722114,0.307725405644968,0
2.6585800929122687,0.4779122368814256,-0.4005188299420721,0
1.9860871346348117,-0.07592746753693672,0.12907518978290441,0
1.1572608842348762,0.9185996454554914,0.008405733059574884,0
1.3984947355846336,0.6506139725742299,-0.030078425898060326,0
-0.34186841811965585,-0.8484519839819865,-0.4060465182619842,0
1.7785476728671554,0.7141047450748889,-0.014515331138741351,0
-0.03836149839826974,-0.08090749055848301,-0.06941538285522582,0
1.0545362958281506,-0.38433936915439104,0.23575489564118954,0
0.45122165402401937,-0.45838180214390845,0.13164646243505945,0
1.294336719047555,0.9554466538367457,0.027988926080288266,0
1.9597144277767888,-1.070540519931143,-0.188308655814636,0
1.2274901239328195,-0.7193211794811047,-1.43433153051857,0
1.0659718254766786,-1.00894337004673,-0.1337181604804256,0
1.7248281617674475,0.7572603860073466,-0.04801760250848282,0
1.808613331792204,0.7371323024561074,-0.0005507262484896305,0
2.680421858292859,-0.3612283331901418,-0.013813937787569112,0
0.43720953005330887,0.39101840701647506,-0.17120248455728548,0
0.6822579706575768,1.1139466895950803,-0.027096442601856046,0
0.034971047568933704,0.6906479054936179,0.6831954917634,0
0.32912839029433716,-0.1617552351081808,-0.0546373131913278,0
2.0618940627156435,-0.5502824612612052,0.10374987429417061,0
0.744550976377693,0.9910151217927222,-0.004906524813387592,0
2.4816816227309713,-0.82620767136059,0.7996147679959641,0
1.7575257316509376,0.22383753901162973,0.21383182790079555,0
-0.10722464262198717,-0.8241203929089558,0.19289177309543468,0
0.6641344102601916,-0.5077249663512222,-0.15815524619119517,0
2.119881437679853,0.685779663934517,-0.7514486890880211,0
1.9156284252622848,0.3249447286406149,0.4229310696402708,0
0.14280755034184983,0.48872849182815076,0.003350728168610053,0
2.0439850470035807,0.03332935870737286,0.08121176472791145,0
-0.11833255756783473,-0.9580081579713221,0.464832222604621,0
1.622585848312097,-0.8122803409483019,0.32861817924839076,0
1.2934840006288675,-0.7108302310695641,-0.00775792411751285,0
1.1154595300395564,-0.20073391604435173,-0.7056741964786168,0
1.1456812036593942,-1.0760630072684432,-0.013201836363168913,0
1.9733111088511208,0.5765880895178527,0.012457697267512849,0
1.7795796519595493,0.4066807192216375,-0.09617683443412414,0
1.389102437381762,-0.963092300497095,0.2535366437736613,0
1.1875069799804212,-1.6179857862086908,-0.5023424147915021,0
1.0581243215416611,0.7449029584473902,-0.3350684608191967,0
0.4068944947640188,-0.03020357898042378,0.5223700308386571,0
0.1843007633394906,-0.800921760437069,-0.021140304340323473,0
1.549199170403119,-0.8772554754448583,0.12808127100183223,0
0.6388814582490466,-0.9758811696479555,-0.06192672859448531,0
0.22381552799635446,0.5540449108481628,-0.03452666227177591,0
0.3587135307461171,0.8245789646933319,-0.3114845386821565,0
0.5828671415732538,0.8120987588097281,-0.09615268389640819,0
0.8219048181769375,-0.3078267329392792,0.9331203630323203,0
1.7674437009037076,-0.506843967911132,-0.1233200402924837,0
0.12830791391675367,0.4342452368409226,0.29725114667365804,0
1.4435412059825563,1.3088815038973503,0.024609554860175957,0
0.6229668192015139,1.0350244198900214,-0.015954075851510974,0
0.9539217924152781,-1.2399808755961252,0.05703976462791331,0
1.4660654042141523,-0.7622617137298244,0.013899042591356048,0
1.6312060133424544,0.6398160508911955,-0.021886053584548613,0
1.6822624645670132,0.3042175176224103,0.07216111552281558,0
0.2828415432697556,-0.5169389876517057,0.16650794059023988,0
1.6150641709271623,0.8226287751771173,-0.227744815085912,0
1.1595420256489268,-0.35802838955804206,0.5152196940250044,0
0.5698924479594846,0.9886398828128496,-0.0232030847768703,0
1.5975452780715458,0.7962360427430628,-0.1203058591063664,0
2.5715885613391682,0.4030661508959917,-0.18340207419141633,0
1.6785955140898432,0.9578510199700346,-0.23225568310178915,0
1.1298283991967768,0.5961199597439808,-0.26655253823176517,0
0.7404723273568969,1.9645750337082908,0.5561469330075817,0
1.7027851353524985,0.5702598368020575,-0.21053768318064817,0
2.2728832012543716,0.25417842259852086,0.10155210452376366,0
2.3430461866520584,0.8514960169946582,0.14193742771806536,0
1.3354055794125832,0.9231912824832315,0.00512438780079172,0
2.007507631156271,0.39589644700365234,0.07926588913643658,0
0.24344445116221564,-1.0184719278799739,-0.05267336476250299,0
0.6496532744327854,-0.8683207689267328,0.06669200763482887,0
0.1726558678583413,0.9182651685414994,1.1482534028074944,0
1.0920388789898827,1.0483664093838216,0.18283602792118264,0
0.31553446315913153,0.3097341156483763,-0.012457148272528744,0
1.7052080913871834,-0.6864768893609462,0.0020016872388414716,0
1.5792074920817778,-0.5859519560269217,0.8274397391815179,0
2.2907853177074697,0.37725051348328664,-0.05517699964019367,0
1.3375462622871586,0.7663672556729221,0.038787243959492394,0
1.0867035544398134,0.9931610595326652,-0.004707480532039631,0
0.909982470584026,1.1708599399402426,0.21176686010211254,0
0.5705761437894277,0.21715659081520833,-0.31665298794143987,0
0.19653548621671113,0.5519302564322477,-0.4324835097243645,0
1.7216793070989806,-0.22356538189515812,0.032947828668965916,0
-0.30246503771332633,0.7805610279065437,-0.6216531344754738,0
-0.3202324076886464,-0.07809205627276639,0.04547562104864376,0
1.7971978378866906,0.5751201572155946,-0.002680606774639478,0
1.6687830594301565,-1.2390534109331313,-0.44596916074355797,0
2.430353322534464,0.03881312046369384,-0.318676761195686,0
1.8737956061176446,-0.4935357343009694,-0.38685147661193586,0
1.9895712309203748,-0.13141063841281064,0.4685520151260311,0
1.9560326941453434,-1.1035468673997788,-0.14178137744479435,0
1.8738538228958348,-0.4335960042151724,0.0661815251720426,0
1.9753786947945242,0.22132997438843643,-0.3106520986712186,0
1.3215347175471752,-0.9505376880392077,0.012314984259884669,0
1.6234187013369241,-1.485328570337194,0.14106720068833115,0
0.5315077748648117,-0.09082297486965607,0.35025826655730424,0
0.49898539561739275,-1.208653094926038,0.039659957992387945,0
1.5138594870145017,1.1146010206504315,0.6054873290008813,0
-0.16799861413043515,-0.15651971111044344,0.5873780800273192,0
-0.1012796806315894,0.006984283951516318,-0.252022356637793,0
1.4189326858290432,-1.0775323169563458,-0.041533097788412535,0
0.8211523975084293,0.5628246890028146,-0.4887943148376474,0
0.2887909893772009,0.8034690517712909,-0.08876398199616906,0
0.3697825409796837,0.0021770313159519272,0.1932394002257038,0
1.0360089477240952,1.104902315472633,0.21183060005494342,0
2.577286457117579,1.1698273704723925,-0.6514055447614258,0
0.03730382897056381,0.20923814218148284,0.07447507824088118,0
-0.2711759010642478,1.6032374558752074,0.879565433316748,0
1.2097677596204794,0.9647175934741569,-0.019816645105106064,0
0.32304176816393965,0.7333503281090912,-0.011312345859940487,0
1.0839269618600391,0.8625865388106797,-0.10050930232733973,0
0.3675452917632473,1.529463885492802,0.0044624617512179195,0
0.023209882872994136,0.6363489160182498,-0.16011245065150692,0
0.5296020981866995,-1.299688422029559,-0.015533434365751194,0
1.2699375717530104,1.3706093687343088,-0.32553868650639534,0
2.0718825022604475,0.3631620838181369,-0.08216948346900056,0
2.027946430792414,-0.013200571983955245,0.4428843157544737,0
0.006140555221177872,0.332034576508232,-0.04604227776150447,0
0.5527434635395966,0.8643663402950839,-0.0019431924243731016,0
0.007213619093406322,-0.20504420022500772,0.027129903949470503,0
1.8000694095972043,-0.8426033289967086,-0.41400977771426306,0
0.45273375116238396,0.07359725878711743,0.2690031111370902,0
1.451014908372549,-0.8489895030826617,0.16334693504881437,0
-0.08762977859425972,-1.3791553389220588,-0.10784164051298997,0
0.6711367031004865,-1.1502364847632007,-0.0743511706899549,0
0.8162289243407886,0.8548501785365142,-0.05815406353911347,0
1.2646770981664863,-0.6525623327890744,-0.020550340120436782,0
1.3756651813976588,0.46936769525581923,-0.8970374629201127,0
0.8027815602420031,-0.6323670132013872,1.1498934521937048,0
2.1004164579959976,-0.3084987911067654,-0.29185968896023334,0
1.6727698261060853,0.7407941208664741,0.0149952800736702,0
0.14581153470527203,-0.7351522457046448,0.026594662326262355,0
1.6379245231319925,0.7312401282358856,-0.23530850336047954,0
0.6996986044091693,-1.0597746704287458,0.9908057045215047,0
1.8256676308912738,0.25397499582889693,0.052181219870124314,0
1.6499330302311153,-0.375245983692275,-0.03350874035655902,0
1.6450540975323276,0.7739878951527412,-0.027071059011004178,0
2.0632523730682837,-0.3830974029549603,0.11455021529497755,0
1.3897997082452767,-0.9807015352458093,-0.05270869579320665,0
0.16653919545131896,-0.6316486936667749,0.02751869261021713,0
0.30645971979524045,-0.8121729453211453,-0.47963232584306187,0
1.4126450303877556,-0.9094326624923822,0.021012776244651175,0
1.922297877514003,-0.3136977093007186,-0.014367402963150908,0
0.5668063958202607,0.8816076580593353,0.2931567796750992,0
-0.04172593209924297,-0.9122757994217623,0.06636080167129088,0
1.7085967445778998,-0.22915676831043974,-0.17874414582359413,0
-0.0981242785882086,-0.049696797006893334,-0.6668686015555156,0
1.3971321067746627,0.9398652895815796,0.07294792076640803,0
-0.14013421411612245,-0.5854380172994932,0.18384616342869192,0
0.173412172465586,-0.38225663008276434,0.008641409013246728,0
0.3271416893771432,0.1265232685588718,0.01982343390217006,0
0.09687526155776534,0.01954319903506005,-0.04415284046043515,0
1.0871237918643777,-0.9693481727331634,-0.022412584364097182,0
1.363061509224103,-1.010545528425996,0.005839845644435745,0
-0.045978983385684555,-0.13706904724012617,-0.19123243259404749,0
0.1426349165436228,-0.7544498592813054,0.02198888239063766,0
1.8990732177241016,-0.4923313245717953,0.1251884358917402,0
1.9980644635099338,0.9801300462833282,0.943154385486134,0
1.1112882939408144,-0.09617052140537896,1.2881044659130305,0
1.292606766381872,0.8890159671912448,0.27531007074320785,0
0.07094136221245134,-0.2529266216483095,0.28976619730815134,0
0.08390761739872912,-7.162538908883631e-05,0.2971393442939881,0
1.1910349960259081,-0.9479698009278282,0.02653178298562527,0
0.12811506566382097,-0.9267413908823832,-0.35935788301891536,0
0.2785994936091408,0.6230180010125934,-0.13774270143537454,0
1.895238568093105,-0.5498604468020886,0.0011256610007604184,0
0.8733098512985054,-1.189872219051677,0.14598503189717613,0
0.6467198955315066,1.3406666853109277,-0.014026847230494847,0
0.478997659493045,0.7392348308994353,-0.05120445965037536,0
0.6077404787325524,0.9084016263411175,0.005212527988892909,0
0.6948044851827845,0.9768337972285999,0.3937505612098242,0
1.691373232465157,0.7142064383731546,-0.6851912419121062,0
1.3414148799451473,-0.3896906616590716,-0.3427173340079507,0
-0.17457862523994155,0.6529094814682403,-0.2711620752548088,0
0.3219665334015548,0.8010517062696285,-0.00728193329440654,0
0.5603974605499981,-1.0699338930288869,0.17547080984743552,0
-0.46376606609555326,-0.5602840262642812,-0.9459535086717342,0
1.651208095330181,-1.0676482786858155,-0.5112214307664092,0
1.5244179716077366,-0.902900574454513,0.19939628152223995,0
0.2873527158387021,0.675568322962021,-1.5502551102111632,0
0.47542880619469563,1.402968488231612,0.10791229365160268,0
2.4101188228885753,-0.09164350910740134,-1.0127452864428637,0
0.9538568513942532,-1.4574571403628687,-0.060103892909653,0
1.5796015581870124,-0.2570361827479557,0.3775610887630125,0
2.327171975547732,0.8908366066905955,-0.021883276414769896,0
1.0258458194522158,0.8384072707056386,-0.8239518839223391,0
-0.862530019939531,-1.330509473437818,-0.2580622691526232,0
1.7773848063696172,0.6250807662405093,0.40768281462192835,0
0.6342049540961961,0.3812653944878165,-0.34391249971072824,0
0.790426956169352,-0.7825801182966065,0.1170684038997396,0
2.0437197477494804,-0.037520937492251064,0.006638270543514517,0
0.02286363755447946,0.27154848555792566,0.07486268479759224,0
1.8411380479944588,-1.0007443852571845,0.37251832300866766,0
0.6950726900946494,0.8644267874085785,-0.4579227266849767,0
-0.122177994512889,0.409812812149594,0.8412407949928855,0
0.3451172649971046,0.8334012495017462,0.49722604537530923,0
0.6154589123094159,0.9390289103389357,-0.23691265584819443,0
1.238449929821826,-0.9168831243675252,0.35431044325088024,0
1.2982293735342458,-0.7561811414003523,-0.9245387657063697,0
1.7602741559769524,0.6021210094614857,-0.010739951983317862,0
3.1343100955750045,0.12220811261045539,-0.0563759025874264,0
1.9373438514076664,-1.1414562094136453,-0.5354503349488934,0
0.5017020798306167,0.6665163638482441,0.2245130424546044,0
1.4713186998174839,-0.8503080463822689,-0.01683016931670872,0
1.8150739751451925,0.6856491140836358,0.005467043449739926,0
2.8210350651161984,0.1745270147589137,0.36342423903770166,0
0.4020237383357269,-0.6229228475952633,0.05223547421030845,0
0.45168495827368715,-0.897070870398882,-0.04480978683484905,0
1.7782164058549956,0.5231854949637745,0.0999100633724342,0
1.7807528276381583,-0.5937706635143586,-0.023336120924074225,0
1.9261420268939853,0.3147527461741123,0.7691465712612456,0
1.0561220773047342,0.996708152611662,-0.0003229474752326815,0
1.5370223013232973,0.9202954895076605,0.17273343943730113,0
0.912275208708872,-0.7991366876144824,0.12147932224805828,0
1.631776370092492,1.0616159833677343,0.001271730455958209,0
1.4648887040812395,-0.21612765631830916,-0.6797490647634263,0
0.6142235936145019,-0.6622046776054777,-0.3810950314982891,0
2.2853688375682752,-0.5867976453346762,-0.22821101205329483,0
1.9216176673088872,-0.05019520152459801,0.04696481423268814,0
1.9296933100977474,0.3573476471654662,-0.42050621464603605,0
0.285967788236164,-0.6244245265342587,-1.4854672989388762,0
1.6421315584732215,-1.036552679942426,-0.05746053491171359,0
1.0113699255412725,1.0507038776539566,-0.053603671923188045,0
1.6033803134104867,-0.6060360770029214,0.20250004241688357,0
2.0076825906291136,0.3441543039371049,0.08121468376161418,0
1.376774310748626,-0.9843203532872284,-0.2888308119982986,0
2.4325107119776757,0.5195644244759429,-0.6493480744100272,0
0.6870803643320069,-1.0016716885741666,-0.31987358448869563,0
0.7187244248484864,-1.085401800000653,-0.026135316596160103,0
1.4602581207752559,-0.7057795945122883,0.10087019705517203,0
2.09997267736447,0.7910011145116261,0.1601120220889823,0
1.0877123980649195,1.6628905117771824,0.4811731054231399,0
1.7046400487532976,0.6143209861801809,0.09742591251028065,0
0.8772996187978995,-0.3120437361669137,0.2962911523867433,0
0.9518027003398345,-0.9721364164607625,0.1174121458674829,0
0.09339033031467059,0.045378939191914824,-0.19824667765127474,0
1.6975897709414993,-0.8235248727830036,0.08404458009468012,0
1.5744106552613926,0.8567513865877702,-0.002748169835674284,0
0.4878321655237635,-1.05207955220364,0.30454542738456425,0
1.0743834794168257,0.7517901724982362,-0.14909944295564415,0
0.9483044567993395,1.444124941237277,-1.731601518682829,0
1.0384746266179885,-0.8191048975096887,0.04390882769520095,0
1.806970720454744,0.2821414166799444,-0.40394924754489026,0
0.7546530768530559,-1.034704983668997,-0.5535267338349258,0
1.8928299401195037,0.3768217153343366,-0.09323090608599761,0
0.010324794269018028,-0.6415767078443985,-0.009706367599912061,0
2.03477785675183,-0.7135309442348359,0.1033380800184011,0
1.3277418959848526,-0.7172671853581817,0.024813764039765335,0
0.7984910661389717,-0.8978376683914215,0.4498673870119251,0
1.4463843298729362,0.8885257231750285,0.02144529825238817,0
2.3293713585414095,0.4940861896708175,0.1656593279298129,0
1.6250973794921297,1.4498185554941083,0.10039593378975062,0
2.4416654566444196,-0.43386541751528074,-0.2855519021363348,0
0.567398708290451,-0.4506696312113231,0.18952377726457684,0
1.196560161197348,-1.2276358183289011,-0.5873012756456979,0
0.35357366505655935,-0.8418864486803763,-0.04867402574076472,0
0.13790544540188937,-0.4669125721546974,0.035264751276601745,0
2.3856740427182137,0.34677083414773424,-0.5050935834065253,0
1.863576597816831,-0.2969805745148514,0.01266939033437499,0
0.9788405980429401,1.1029065086155965,-0.15533571736847676,0
0.7838667252076302,-0.5176490906380488,-0.4439184831814404,0
0.4332045408595511,-0.8138428331911235,0.0709931093215304,0
0.43814083396935216,-0.7715158036596227,-0.027603959287107366,0
2.2562868340810573,-0.2573681256856678,-0.17878779581533455,0
1.4583051723901646,0.627287693406997,-0.4616740815748403,0
-1.1094672938482635,-0.5758026186889311,-0.4879671573782082,0
0.35096980279141027,0.671157359946512,-0.04408886736050068,0
-0.0463603222479047,0.006238588536903206,0.9573141350580143,0
2.2903347684889703,0.21540460615742968,0.467253052273753,0
1.5430267700183091,0.9287192184568478,-0.08013742721227352,0
0.7513124997855857,0.8287661976982719,-0.05620588293743105,0
0.3370898016407177,0.904240926767446,0.1947204047887193,0
0.16437165257757747,0.487163555571831,-0.16294500865419304,0
0.19604030796329253,-0.9130845809550543,-0.17798613228676297,0
-0.0416990986067412,-0.9810463409553796,-0.19281104099361218,0
0.019533348977499587,0.8158415558120135,-0.32511972751644125,0
-0.08980178179607651,1.4746460219348498,0.84053888111313,0
1.2298940035034378,1.0036930616287632,-0.0030883935266766585,0
-0.3868424029481178,0.06896609731516024,-0.08656684544902014,0
1.3035396797149592,1.2410007434408055,0.1886767000645458,0
1.686126396758505,-0.141353145532731,0.004941427487206849,0
0.1395972182227336,0.5206390745192675,-0.016051404893716793,0
0.22045310154859843,0.3939500745837178,-0.42418175173872497,0
1.0773182903439433,0.8176722195839108,0.2602371698971259,0
0.10433293878318259,-0.4710936384373728,0.4973783164463219,0
0.03287761183011245,-0.35722459781045546,-0.0664850475375166,0
0.9459216664487533,-1.2151920858314116,-0.2576223946106711,0
0.6164264169864604,-0.9076823174026454,0.0231756374595398,0
0.12721127973299323,-0.9416806815003023,-0.6419253589544919,0
0.6768391934370459,0.7344066648416531,1.1771390078913733,0
1.203752069922642,-1.0093869652542402,0.03352633779932512,0
-0.2539605776346049,-0.4675236104666508,-0.1789277347117375,0
-0.10912933170099612,0.1687451255143007,0.039570735950825366,0
-0.15532392930672023,-1.1445620439624855,-0.07700920292487055,0
0.42426926218561306,0.6435329382667022,0.004815967903547916,0
0.08996958834870396,-0.31351486593340583,-0.6119373636552514,0
1.1742417448670102,-1.1075511599667933,0.13744903577312245,0
1.2969072253060885,-0.4917369768859035,0.18863784142593285,0
1.908980149659114,-0.38750767631952143,0.003734133944895639,0
0.08401266290203749,-0.292641941461415,-0.09915911301328695,0
-0.47708071195213775,-0.9834495831757374,0.052865241352649396,0
1.1291716400916383,-1.056874009728388,-0.04289039389844284,0
0.2749978520098284,1.076972668707807,0.12168428949836291,0
1.758091392037989,-0.654177691743681,0.30150684058812843,0
0.00290880339530762,-0.3161826069541014,-0.5949770906713496,0
1.5940628479909393,1.0928752364764818,0.3578371268072199,0
2.4742513784355733,0.14091664982900692,0.06612315040517329,0
1.8926200202250727,-0.4917749673970514,0.6319827306727344,0
2.29705776492633,0.3707977824174929,-0.3150230404523922,0
0.8908260842638016,0.9247354827569418,-0.1426069576599664,0
0.5354615576280113,0.8425844129765222,-0.015932172165704493,0
1.4091605488175936,-0.6691667857973961,-0.027258791579469827,0
-0.44469177582986763,1.398521270666742,-0.42626988101715513,0
0.6078618933427763,-0.9987407853517312,0.409899618244457,0
2.169751414934817,1.0389645971064156,0.7673283224997464,0
0.7695620990637589,-0.4967746901146912,-0.3470118110638977,0
1.8582673707112358,-0.8579996084058343,0.4190971431239609,0
0.9623222152569852,1.408743998415177,-0.9162664082025775,0
1.678402222202844,0.8598788629259726,-0.18405218277492497,0
0.36750255008422206,-0.17688983648328832,-0.4839108506571209,0
1.2977795470250655,0.2951711868098078,0.2772950590860204,0
0.9734197667480948,1.1595941905384466,-0.3291842624416706,0
1.8649253603835263,-0.4474945713759954,0.41411379461247505,0
2.4153624891495777,-0.02045913794155832,-0.09642082688632814,0
1.0498678245817288,-0.838055441909145,1.0728479125157833,0
0.5055378723580632,0.7200604636903927,-0.334138750452429,0
0.5103505969685193,-0.854625903418754,-0.02717942245718513,0
1.287795802384853,-0.4836764907249403,0.22835324361754095,0
0.05206405434804107,0.6079393308688313,-0.06460098088821348,0
0.10595234230836614,-0.6043214469239429,0.0036691691793162506,0
2.104143498062403,-0.19000869882224897,0.009901505437767338,0
0.8183360973322427,1.3513796083084784,-0.18578175544493,0
0.5429099722619193,-0.16546328300174595,0.2684818639150799,0
1.5616776210207217,0.8831950536850146,0.5029037469955879,0
1.5876334454222292,1.0865427586192515,-0.5497580821807798,0
1.517466381911414,-0.8497680656808656,-0.025531406088609737,0
2.008871241052194,-0.26112244907471444,0.0244201436281092,0
-0.016486717706562556,0.05143896240264789,0.13395001396714637,0
1.4870924935879768,-1.1773253520549103,-0.046171176900599936,0
2.6467685811245074,0.23956757128192768,0.762842104897062,0
1.6252022653378397,0.9575700090512288,-0.036696593395873424,0
0.023057476745422783,0.2731451874497304,0.08926172176278434,0
0.1350516258758258,0.6592308500405686,-0.12838912655465673,0
2.26506798084638,1.593928962230814,-0.8753458127221146,0
0.9318534980024908,-1.176581073907938,-0.755903980825135,0
-0.2620034766877215,0.49274833569688414,-0.24227485803562182,0
-0.1413745494743248,0.21546806749305006,0.02853560723727566,0
1.571031261191123,0.7006114934222668,0.06365093433579332,0
1.3776307032034354,0.9791256690138784,0.025728158696291692,0
2.1398158378695347,-0.3680914872402388,-0.22420829209959212,0
2.0813842244218628,0.048405399255155496,-0.05108018454804617,0
1.1149993768281883,1.4091524518264882,-0.7660557963337432,0
1.4837399741400774,0.7234908458395283,0.0884368659215295,0
-0.2741529877474238,0.6550621765762816,-0.1723939215941194,0
-0.11906802789563697,-0.6341201399457952,-0.03351471622733451,0
0.030682761261434127,0.30156317735019167,0.022372298762807812,0
2.8400440764022834,0.41198183201657745,-0.6897491181615121,0
0.584436645403814,1.1850003117121957,-0.3455102051352926,0
1.7959664237088109,-0.5721314385246625,0.44190719697307723,0
0.23650416079212333,-0.8408470830760022,0.07512430598620005,0
0.5611590086047447,-0.7930100655859739,0.0765303002990875,0
1.2762557862727122,-0.5832339308964367,0.3155105291325389,0
0.8547270037851297,-1.1030629978381727,0.39686358056318444,0
1.9577018786562004,0.6500371661656243,0.02021067963244681,0
-0.24685356257902624,0.7516251334224978,0.5110948258208463,0
0.006576644486429761,-0.36082919362306753,0.04681712564260125,0
0.4318476575626765,0.839680774774358,0.07414137604571411,0
1.6052659103629499,-0.753431959620562,-0.05104326191535332,0
0.0037506862108055553,-0.3230229607050887,-0.31540630062346153,0
0.5373025820711979,-0.7352700112107904,0.6130734899897428,0
1.7349706519540846,-1.11338819252639,-0.28107988341809004,0
-0.00506367914047461,-0.02143241559396063,0.006755802095706947,0
1.7808764871402456,-0.9279058169373848,-0.4977443145673841,0
0.7439882640402313,-1.3631422626247587,0.7049087234485228,0
1.5300008661636628,-0.7712632136166112,-0.04304900336439279,0
0.20167545146213767,1.6377348023934566,0.2336214346585373,0
-0.7376565021283314,-0.37174078615183737,0.5671807102408845,0
0.23196848546885498,-0.21036191871629098,0.009017650431924106,0
2.3833344856451473,0.7158847572782752,-1.0116389929727865,0
0.21050457265873812,0.5910286397250737,-0.021144316221573263,0
2.3768199224412783,-0.2509567308219608,0.0904360964024486,0
0.11939508140569643,-0.5545640860331841,0.04090155724485565,0
1.6058990480770148,1.1495684311250187,-0.06718368878066858,0
0.3862339076961713,0.5367022629677776,-0.2473489181618926,0
0.8659148074126923,-0.19708813873837172,0.08669218321358393,0
2.3369193057805777,-0.4585445705842882,0.3125488027221285,0
1.62636102530495,-0.16809162754262041,-0.021057762369707477,0
0.26824686294995315,0.5018774957679585,0.3892183110742234,0
0.13121589293491598,0.5016888784432505,-0.21870701946187177,0
0.11862642937036459,-0.5736107088925663,-0.10264188316754697,0
1.5399566156877333,0.5607349408791242,-0.8024241127615117,0
1.3322190215707348,2.1232567017378967,-0.15523717134223658,0
-0.2673959392354127,-1.0882198657732438,-0.14867029569093027,0
0.5243786488853672,-0.8331284767343062,0.0282311387769893,0
2.1260152971180277,0.055134790834912115,-0.582207506568224,0
0.17712671730034266,-1.213979060761509,-0.25293183494871446,0
-0.0013888965077407858,0.26129167311567225,0.12221784858807694,0
0.8119831841159311,-0.7498252840216897,-0.13071301988037218,0
1.7941125452430908,-0.5898511140987105,-0.028301522130189195,0
1.0128353816653677,-1.1585444400379787,-0.11352558156593547,0
2.7310461914945434,-0.1986008757802955,0.6026042885072956,0
0.9062411618082504,-0.8360239602079315,0.029515186770247857,0
1.8747269599665959,-0.6183694305008396,-0.32261351481710654,0
3.121851418967405,1.3073360082171341,-0.5158898589245688,0
0.8745255111828933,-0.9637707832151301,0.021609759794994583,0
-0.5010402848597209,0.08548225054260022,-1.0754600517938573,0
-0.6328078841556174,-0.7250906668559582,0.041727759950742925,0
1.2562103403416478,-0.7431750367176595,-0.7378785677921235,0
2.128699887357705,-0.16526845505621388,-0.11542741955009925,0
2.216537643155031,0.20667561487241506,-0.6153910320078371,0
0.505230586705247,1.897867993132782,0.3598651051275876,0
0.8232173020085393,-0.8900260089584787,0.06998881955576577,0
0.5943142463115509,-0.7821500607000188,-0.016370588081546907,0
0.42917104744384216,0.8333612610547521,-0.016873015193252294,0
0.7914071194747926,0.27988454173113647,1.1922562013963491,0
1.6790080045086149,-0.27821199352324055,-0.23886082964138047,0
1.1851939069765336,-0.984426629872746,-0.016575489430666723,0
-0.47689352899699594,0.1309276064623565,-0.15375903139976713,0
2.960606072350581,-0.02454122567365151,-0.6493431764893789,0
0.1791652060019059,0.26621247265654163,-0.16114097290893703,0
1.5458848036956754,0.22123648449866487,-0.2003788588375873,0
-0.18144503799565265,-0.13975549580464075,-0.4507129821949408,0
1.3389009288588007,-1.04853991352326,0.0831372011358191,0
1.8249461354834986,0.519134963070194,0.011016021522526726,0
0.5445825515889483,-0.004957934319553048,-0.8426865540180658,0
1.4365040001933858,-1.0214284013314145,-0.015860079372031242,0
1.8249856523526649,-0.45312357061789715,0.07967116138511023,0
1.8951937350046415,-1.072142162549659,0.16099113308753799,0
2.2343415388185215,-0.4331403215764445,0.3536272837305838,0
0.3421237272502046,0.7048383471320626,0.12606877092359187,0
1.9009156489369097,0.04452829948063314,0.07810738090864894,0
1.761524387010084,0.7164342286802301,0.001167993174754219,0
0.43323839633883676,-1.1912101385342966,0.3954981653180983,0
0.5662670059103591,-1.0849494230637162,-0.23692509592166647,0
1.503603831128606,-0.7791995505959235,-0.17805431013477815,0
1.5875623378362496,-0.7757766439741954,-0.014378618021891627,0
1.7190482454504936,-0.6515833326082773,-0.25097395740844625,0
0.9542855294086507,-0.745030405847947,-0.2784259659277974,0
1.8865021879792834,0.35537698697304376,-0.019888964608548707,0
1.2066602537275446,1.0184316332351395,-0.029566512972368363,0
0.2990537689037082,-0.7153690733837019,0.02334125766132197,0
0.8341398667837436,-1.3440745039422795,0.07799010567759829,0
1.4817742259788105,0.20605775324746575,0.6455531168454104,0
-0.384078126183118,-0.26871101357002714,-0.18380868770650366,0
1.1589449243679601,-0.7971908110481889,0.09416393938063324,0
1.7820678602366669,0.47256167078288325,0.12653369583845964,0
0.41210125082844495,0.2915979350644603,0.07780010365685132,0
1.8647025999393587,-0.04244253848981405,0.4502919152612241,0
0.4545375633569056,-1.1819743412998074,0.5097435254959887,0
1.130990309111135,0.8859043257561245,-0.021658089382426422,0
1.6643417284179227,-0.5044838097477686,0.34371616943925076,0
0.347065791446732,0.6612062401621631,-0.016988402032946028,0
1.6093352909448162,-0.7946725450084886,-0.00013188068017843218,0
0.7044451011205308,1.3414614951517432,0.08187037449843551,0
0.23730527623833575,-0.9407809445968902,-0.3537450655260404,0
0.10158224408024137,0.8262118974690376,0.3364582723038264,0
0.6800545709621224,1.3490936789707364,0.7977882504973045,0
1.6683107115899414,-0.48829639848972217,0.026214638926044784,0
1.3872076614261717,0.9276117626823179,0.01065038478995226,0
1.4483606610565594,0.5372685446808113,0.18928797554047805,0
0.4638080725742671,0.8281981461605482,-0.004104190893070321,0
0.9692404460959264,-0.9400566194972791,0.03319931847979975,0
1.3708278282176922,-0.9384798079879363,0.0009742317221606144,0
1.5058420573224705,0.03923953676683653,-0.20303956652034072,0
0.5719192657180758,1.329691979144192,-0.00870386695818314,0
0.2121885670936,0.49369582946097207,-0.021806029921722585,0
1.6519512074533846,0.753212037382637,-0.004247592829565252,0
-0.2505959413371154,-0.45836739650866165,-0.3742119913578915,0
1.968230570277141,-0.0010678214574098201,0.048857598333115766,0
0.07237194995783736,-0.44605924044474643,0.7288453972691888,0
0.08525158902362107,-0.5317016162451565,0.003458834363841826,0
0.1277061279214206,0.6309621450085849,0.10852734987739716,0
1.9431032746903452,-0.48058247040306806,0.05641872665843578,0
0.6286373899384036,0.30898330710904925,0.381120097556366,0
1.3696622790939805,0.44411271995098395,0.45617405041577824,0
0.3796071526217882,1.0534551368705651,0.08111616730337265,0
2.1464429203097324,0.8937964435923504,-0.4185182460582757,0
1.28778042556787,0.9683516869262542,0.011134027314247142,0
1.8841608610327387,-0.1474950511973871,-0.0762633366945264,0
0.03283185947727139,-0.2518307606864706,-0.4985986593161872,0
0.4395065985028231,-1.033139421641381,-0.8800096542476341,0
0.49858187001925375,0.9239973716868242,0.7459266698226269,0
0.06596996164650623,-0.02905728121784762,-0.0033105191615512126,0
1.990966195186134,-0.47156184373788895,0.20046900514914065,0
2.0814562603151003,-0.8573751692039524,0.14466530549778947,0
0.06887567575315096,-0.12482529406080611,0.05449381105356619,0
0.9040383964094538,0.8721681486007611,0.02535193248523294,0
1.83107118622993,-1.0003595727256678,0.1634703078278094,0
0.5449434184699986,1.0799774532011788,-0.23925507809836136,0
0.30525797468822136,0.6440903436502791,-0.005770828933476174,0
1.8483700247001633,-0.5828357440534068,0.12455800519880819,0
-0.14681219004303422,-0.3946206211361405,0.48789783141216164,0
1.1760375651776938,-0.9831044049242477,0.6588656350872574,0
0.1605738591660499,-0.5331984966039739,0.0024427475258593655,0
-0.14327247699845902,-0.4898103330735657,-0.09265205517427096,0
1.143524740232339,1.0606414605378127,-0.3674990224740423,0
1.0363846229364213,1.2454816952578667,0.22988672728816653,0
0.40392045186970393,0.9536227364892333,0.23338749878856663,0
1.463473357083011,0.9626654498758181,-0.10045691239354958,0
1.505211238043254,-0.382004985210796,0.06438427005597895,0
0.8115132810753998,0.987753381333849,-0.022577318864825075,0
-0.11441308875400302,0.2815886433622995,0.06863420736983125,0
1.4962889818151743,-0.961615202394897,-0.10330004702832314,0
1.5356146442352292,-0.6216337740852047,0.47827689843893295,0
0.047570988721960236,0.34484111297626385,-0.022157048845334572,0
-0.07682530237854814,0.11898538769065196,0.07857049075918217,0
1.8263192629053115,-0.16970261245995288,-0.0402717814246853,0
0.3426855329133164,-2.089708084319345,0.03480710325957385,0
1.611720426786955,-0.6856217028352402,-0.049971189786416584,0
2.571249151870153,-0.8830452162170273,1.673883380956677,0
1.1995629010261328,-0.9077726064536877,-0.008746654035567483,0
1.327523285347019,0.9257439399360681,-0.018632744055566832,0
0.265896807892136,-0.742655875307921,0.17828793137471585,0
1.065555660466998,0.2668340752233986,0.5683396832842497,0
0.7494561082277034,-1.094733530947123,0.4033275424635567,0
2.078720060666768,-0.30154335409412325,-1.2877507290397634,0
-0.30702307607399504,-0.0627092060972132,-0.13318189648790693,0
-0.9268108907800352,-0.17993876502609862,1.0030624527411136,0
2.044258798013291,-0.015834723794281552,-0.278307256872244,0
2.0175238773767616,-0.9361751766753681,0.08207683266427078,0
1.9519877150284772,0.6444647678795199,0.05559944023687453,0
2.582982528740569,-0.17718588709122163,0.15448907865426217,0
1.5568809644884931,0.4976901767790852,0.10916585110580192,0
1.5545829623722034,0.5585435946816752,-0.41585396884041576,0
0.03272697115945575,0.2617779307194418,0.040818743571198,0
-0.376412202435654,0.17582502240243936,-0.20674999285660797,0
0.7569414426135644,1.1470816083382573,-0.19492308238699393,0
1.1724153070379164,0.7372283186252973,-0.11519533980280129,0
1.7463652620261645,0.679422321323547,0.048627452031422276,0
0.5039167699428861,0.4447989177599222,-0.03456843175529994,0
2.3889352752931377,0.4334744020207245,-0.5062850947480928,0
-0.18441062703761046,-1.3174066930462554,0.6138433285709647,0
0.965160860042067,0.4406633693276848,-0.4461528713242648,0
0.7393817782284294,0.9750684989215941,-0.005604326164891927,0
0.03624878563702916,0.06512659112577435,0.09880214743163333,0
0.09133872413198396,0.3719990884937249,0.30780003804905737,0
2.2820150977123146,0.9088988234166405,0.03430669691225215,0
1.7750643898627398,0.5827113034686946,-0.42541759069519264,0
1.7618978937248433,-0.781397295643746,0.08685730360842855,0
2.2434931076689852,0.02982478122739488,-0.599819977341228,0
0.5666611345788041,0.08938075249699665,-0.11821596003541454,0
1.2121007331720595,-0.1416134642961666,-0.27721806801748344,0
1.26493745468489,0.2661339846630958,-0.4165692355030122,0
-0.06792352930700848,0.509930298429273,-0.09624089783307914,0
1.219960005288432,-0.6483637970485314,-0.6811724157063662,0
0.777143435393961,-1.2501246158328059,0.020276980704826107,0
1.1246575507358658,0.772866296751625,-0.1703288247196065,0
0.39800844106240707,0.24999617395555418,0.3014308499581507,0
1.086440145839944,0.9757972417129337,0.011462497191802853,0
-0.10791264427976126,0.2694731462013216,-0.27393146786337114,0
-0.08584965893429042,-0.10510754666233524,-0.04906794992480288,0
2.1988773741337573,1.0150159700080237,-0.4866735708052369,0
0.4849463440739455,0.8590300013420505,-0.017330947466376468,0
1.6269867706415913,-0.27069123027729025,0.029805707814512566,0
2.025033082409718,0.8367584308593194,0.10952131214560475,0
0.44002210054047963,0.3167823151639607,-0.4127654053600046,0
1.3223506468160537,-1.5718364567698702,0.03259870918589461,0
1.6454436062300937,0.8360698599118151,0.13684066294289474,0
1.9995980055661875,0.28124911597920293,0.0418673052692816,0
1.635345356822563,0.4664140039802271,-0.05330629575593779,0
1.9848000824681156,-0.3937608761449877,0.08187464791995479,0
2.271364455305293,-0.12459146907006069,1.5032194395115523,0
1.450855369167068,0.9254971362217038,-0.0011973294458250705,0
1.8232234393436706,0.36339822643335695,-0.12319594977724063,0
1.7033344134724184,0.03471869679737094,0.0036576797476765032,0
0.19482446925014485,-0.8063377658988429,0.009557472087113404,0
1.5130153559298218,1.4957621935166578,0.5353432985482067,0
0.031060548111357507,-0.46496859910403066,0.06332902958715148,0
0.2683492008655041,-0.602203860100633,0.07348091334492886,0
1.4846082886340426,-0.013870207628012166,-0.7069448942170031,0
1.8839727633445176,0.4086222693458318,0.8874675159427557,0
1.3802312407899853,0.22056260799624816,-0.3584747748887157,0
0.46394206769171387,-0.5793922403999822,0.053794607393197684,0
1.5509899661254505,1.5282399324205242,0.4602344387987453,0
1.7255053995386787,-1.347871650239339,-0.3171857065704108,0
1.6135013700800467,-0.8000751688636353,-0.01364963757532046,0
0.9795879155748602,1.11220773538865,0.09356267686540347,0
2.281237373718315,-0.7616058349807047,0.12141492578281789,0
-0.06366206687068086,0.6310100576843061,-0.08298217588691384,0
0.3594021632919798,-0.8681077159466476,-0.37362331638175483,0
2.1041019961719836,-0.15590368006182864,0.5780744620371061,0
-0.1409034986665995,1.2076396750232032,0.2564516928546729,0
1.5669263704793934,-0.8109935093381324,0.018308736686225124,0
0.5170062215942409,0.8199895286790737,-0.08679966070067481,0
1.2767923092243463,-0.57380134709897,0.062389790637834404,0
0.19831182903142627,-0.5894533499754375,0.0018005720394451599,0
1.1538613430811584,1.0310840961969476,0.21641250096787443,0
0.45530079848903243,0.45502632103865126,0.37253127335773156,0
0.24206992742229672,2.0049056017563456,-0.476630421424118,0
1.9724711820487768,0.7743529805948564,0.14462611666656694,0
1.5049536256603808,0.3629618886147883,0.7825643063840168,0
0.45179350422644887,0.9197187778204207,-0.05286089992823897,0
1.7605534831008527,0.5345427296519539,-0.09012807570391744,0
1.2287698446712485,0.7841002437009162,0.33298087691402156,0
0.575527046661278,-1.5757938324136824,-0.2353381266410261,0
1.027528264924645,-1.055377852889427,0.4043298986720262,0
0.6202592054379007,-0.4707034350987639,0.2101998544454387,0
1.0889920073607149,0.8573675204417199,0.9878378601170528,0
1.6668588223257754,-0.6873776855936305,-0.10405166961006661,0
0.17857382343275224,-0.5617078871472568,-0.017482594970898477,0
1.6001877044531414,0.5786970176984215,-0.26549442082317437,0
1.7600810771413686,0.9215317178607123,-0.0691738069864902,0
0.6120453823765254,-1.9431929795599288,0.20019564759536404,0
1.9154681111904126,1.1146966045870461,-0.3283611347168181,0
-0.4641751975553423,0.2641075150670207,0.08397330192292286,0
2.020949345088569,0.8796300059000728,-0.2576896101235285,0
1.8922420430886515,0.3741023982362765,-0.0844391896818349,0
2.5503727042855777,-1.032797950837151,-0.1317777493690673,0
2.208812201693506,0.08995883722206469,-0.10606645555000481,0
0.13346795953372706,-0.5367373121239422,-0.06957183891619724,0
1.7817620369089784,0.6020157522061353,-0.3705791315151306,0
1.717109425075702,-0.6273404359061178,0.004959186365270144,0
1.9436176021870033,-1.5519375879266935,-0.5764554661919947,0
-0.16513757231276785,-0.5553883689321628,-0.15372145738201975,0
0.44228911915600566,-0.7969003547444218,-0.008939468836993175,0
0.8508671797531248,0.9557190957000523,0.006483459434243446,0
1.8063097766881948,0.12743751651699395,0.009557263363662806,0
0.4136134845752339,-0.18159240836902435,0.2940645682561928,0
1.1298214826128283,1.0708763283608613,0.11219538861711319,0
0.7867952013365687,-0.5955372459784982,-0.5777109976460624,0
1.4823969358133444,-1.0020929824746667,0.26849748986389654,0
2.526705487490663,1.2077825919789569,-0.26119817005235113,0
-0.023306538560290108,-0.6715573075076194,-0.8624080969449426,0
1.1596724721496847,0.850589495593871,-0.8907578283195796,0
1.6903037763497482,-0.39046350046492007,0.012947756995418336,0
1.2090145223172708,1.0731165607183537,-0.06868266699921333,0
0.2175017006908118,-0.6222169791132722,0.034534169726185254,0
0.20947967987442934,-0.3704071010506099,0.8245220175562881,0
-0.012473266671935296,0.6090586549533641,-0.07737781136558942,0
0.5591207765794398,-0.8933721970760746,-0.002933038239972327,0
0.3360365715316458,-0.27749108754836105,-0.7425454836019503,0
0.1687573416064322,-0.4394679261827969,-0.12431026208248416,0
1.39505138977431,-0.38729915512651714,0.019046236984929975,0
2.4640670150031956,0.12019157158559199,0.5543459308776554,0
0.57692871585728,0.34405084975962774,0.3961648980587293,0
0.10498276507032572,-0.5020968751454975,0.09347968751955793,0
1.788409949789432,0.6784771875157396,0.13813175582035686,0
0.7954821806029247,-0.6590272245810791,-0.022248165525552296,0
-0.0048584288378247,-0.13221655563214835,-0.003453254303508936,0
0.46336529585461134,1.0502434929197126,0.5856939102915529,0
1.9266099862039334,0.6007131545129402,-0.025817440161376985,0
1.4786227988164113,-0.8877297713968905,0.32547956111692405,0
0.3829260168540633,0.5255556810059502,-0.17469208339689088,0
0.529894967384238,-0.7759140780509879,0.020596807142461947,0
1.9195231989625299,0.31000455154747597,0.32381987020316383,0
2.164828536185732,-0.04671702086337465,0.2769100230794986,0
1.9414798718532102,1.8083874365977692,-0.17827912886789268,0
1.289608196107545,0.9126485163418139,-0.004093872452798249,0
1.883766614654906,-0.2572655891569665,-0.17583193165088434,0
1.7286050376793272,-0.6236850906734313,0.09944103404972877,0
2.0558291330031837,0.47609367706208605,-0.0093173197127467,0
-0.27372375182306186,-0.0707930111377581,0.4668027680898947,0
0.29145481985988886,-1.3133522203954309,-0.4455853806143423,0
1.6750849665216374,-0.7137730252408763,-0.06813564222951504,0
0.6263361170169579,0.8737005607459588,1.062748916951983,0
-0.011572657585439853,-0.1092388601123978,-0.05447740000977946,0
0.9452097674715773,-0.9913362281980737,0.02012273641627989,0
1.0716276837816956,-0.6588754037455731,-0.013662889952171596,0
0.31892014428257,0.35693309539522033,0.03759444230329102,0
0.09301801241816673,-0.4612670772470657,0.11760060026446813,0
1.7963356240437922,0.6399492678516239,-0.0018436949736775569,0
1.0657964670977296,-0.8548562590250364,0.37194813550401623,0
1.4463528677847717,-1.0345681855516162,0.45317508867538936,0
0.6926276496371118,-1.1880549512224925,0.20544255034775796,0
1.672382146338306,0.12655815412867466,-0.5696956040480653,0
1.3856961297986092,1.0202247040829624,0.10211409918041627,0
1.4913738441625028,-1.073776434620493,-0.07974949945330036,0
2.098100629295629,0.10218636502043402,0.018915779054873665,0
1.946538677008315,-0.09367493784107128,-0.10700086984842365,0
1.0970657886940032,1.0411464470007707,-0.2683049549790689,0
0.7634749402263915,-1.1532461812824668,-0.10121596159497749,0
1.7041704332711745,-0.7512503690190884,0.039978519491642675,0
0.6342827977784999,0.293740979747012,0.10019712059066344,0
0.04948460858941062,0.7509524930946332,-0.35358857760224194,0
0.4327245266432761,-0.8661697868912559,0.35003377204099134,0
-0.019347251361583967,-0.8733052632643432,-0.7449434223293818,0
0.25394629048778444,0.8775547887657467,0.10294319966590294,0
0.2818026589245248,-0.5429876345907703,-0.011567845471375206,0
1.6850403146802637,-0.049848775202532225,-0.6157152786522835,0
-0.030380283038727487,0.1861184979134439,-0.011209969136568632,0
1.3357756136414298,0.9629833260232971,0.0018308838958019339,0
0.21814229815936828,1.5650192307984452,0.5565128450048314,0
-0.6178893897893667,0.6307613836250082,0.5059440671664043,0
1.6786015199204005,0.7369100692707605,0.0036277020122694706,0
1.6858661714358651,1.0336300941211434,0.11997235068662704,0
1.4131399006320515,-1.1329893430123592,0.2515032734511456,0
0.05697826868780287,0.6914968196908639,0.19664820174283487,0
2.078526890521025,-0.4238137705581513,0.03217515584089851,0
0.8560394987088062,1.00066482711724,0.05806354139401747,0
1.6735704980034976,0.6562535191276604,-0.1212740473275824,0
1.022253389554446,-0.9889229770454917,0.007225560954559847,0
1.8312441735003024,-0.5715143414377408,0.37093072115533415,0
0.8091968137719077,0.9896369837209649,0.07576479120754234,0
1.2732792408959777,1.0484920931546085,-0.1268336902688541,0
1.27597300045621,0.8429772795607136,-0.17669465257927086,0
0.4254762210481723,0.20534914351036815,-0.05737452748765394,0
-0.8313862327487316,0.6468966052770808,-0.1994907626922966,1
-0.5312808426984899,0.1362749324229562,1.3101622602868408,1
1.124005977943656,0.014879485842858017,0.29874341571061985,1
-1.443404035742278,-0.04462284367566711,0.08406344056448398,1
0.9635284999463967,0.03535870944629046,-0.2831122203295308,1
-0.35506502227223014,0.696402355843869,-0.6900083630253572,1
-1.1241684717037574,-0.1605645445021232,0.3769777537303938,1
0.8479870022104102,0.007260161673717748,0.6062087025306124,1
1.201236970979807,-0.02342286941375133,0.029826749597587576,1
-1.056737540673316,-0.20033974147031455,1.3032680387547726,1
0.4971918991619287,0.010941976465825102,-1.131604243921017,1
0.6339970638774546,0.03757576650329687,-0.8195960358137699,1
0.8651925582852181,0.07452123294739839,-0.5396484078879776,1
1.2053483365864797,-0.5402081350283333,-0.2602613149868902,1
1.3922564069974914,-0.9473833161030316,0.06948769156224574,1
0.8138407224059333,0.4454344530882585,-0.5261281044310794,1
0.8731388257950051,-0.000543439086126851,0.42593206048540266,1
-0.049069199845470424,0.8022937338411148,0.07870885730302557,1
-0.161234674246424,0.13125316404008766,0.6990323864295922,1
-1.0479957742775583,0.07444835120527396,-0.24896861464789904,1
0.8797354605985253,-0.06775343783067618,0.6647953377152264,1
0.396065150325567,-0.3562475732324327,-0.782162347515393,1
-0.9350543466777675,0.05793157132279316,-0.6288367403631473,1
-1.594419356287947,0.6553649973346019,-0.7569185051151816,1
0.632359341085749,-0.02548716962479153,0.4854890578751836,1
0.11386785902806154,-0.30495497363251106,0.9553207061407285,1
0.5730502927920422,-0.011763475300075675,0.8510061759093034,1
0.5807390561367234,-0.001389215515778216,-0.7999634961944917,1
-1.1443872797984875,0.3645514158919177,-0.5235362890342322,1
-0.4412814415258799,0.020274153037123092,-0.6932162462349214,1
-0.4397256371964168,0.5676310880512517,1.1052254787207607,1
-0.5169697211005357,0.141559593601116,0.8391829675493981,1
-0.9628859161674602,-0.5050419714906647,0.16564709651378245,1
0.0567847264980535,0.017812250912486373,-0.9802582218594855,1
0.1657637958493627,-0.06503934536630344,-1.0010571744391852,1
0.037363588778358464,0.8627500033834272,1.7402097029921375,1
0.9352445260687056,-0.01044634008154168,-0.38113478259697847,1
1.053840649721006,0.039760976058999045,0.2847353617301093,1
0.563495724978956,-0.11018002737382974,-0.5189109372905916,1
1.0061953791717082,-1.2391547687959532,0.12616559166482172,1
0.39450942911072057,0.031944853272976116,0.42439628851949474,1
1.4276966227162702,-0.010540136965451873,-0.681854693482417,1
1.1680550626568071,-0.6802995535747882,-0.44303844256463254,1
-0.4680021211023635,0.18351965935390416,0.6671252227221169,1
-0.9180694732233543,-0.05695406153895176,0.3823776059713928,1
-0.2343229251363924,0.08873823400517693,0.48602530448963654,1
0.06149831774922038,-0.04814400325438134,-0.8465826398157628,1
0.5510844366437947,0.011812603639781007,-0.7577346411617887,1
0.3230843857533337,0.07076301161915015,-0.7114243431091708,1
-0.38816811100936693,0.18209994643186928,0.790853105867984,1
-1.0024540344488115,-0.18630932114704443,-0.5358980770085022,1
0.04943152597686651,0.035570685584753306,0.5912270354455071,1
0.171896402376655,0.054946739686313015,1.1973234496876242,1
0.5473583820644025,-0.07643972417826758,0.8229720232795649,1
-0.13604875887412493,0.38857218554145495,-0.1433892122110052,1
0.5825586207051303,-0.17057864113417495,-1.4845302760629622,1
0.4554614168537642,-0.3850610640180199,-1.4799129970347131,1
-1.196250760762136,0.2760347340684894,-0.5151049153233578,1
-0.7772240619601976,0.10780656493252634,0.09572010854616338,1
-0.9391644489691128,-0.015120144866300315,-0.06275722945365018,1
-0.9589711700240539,-0.4019601947017278,-0.7244824045736695,1
-1.3495847994759416,0.1278746254899349,0.3841481922255421,1
0.8431116791908171,0.3875537567191482,0.2510202506614095,1
1.0489541414160248,-0.06298013536404644,0.6080844604783191,1
0.9848354388970455,-0.11233339777156,-0.34389746278446326,1
-0.7106674617311781,-0.5011154237026435,0.4350003679008304,1
1.4837655330826292,-0.12876676324519587,-0.18809457908714455,1
0.686079428912589,-0.0706435812244536,0.9874845609619516,1
-1.3880471514758197,-0.317332957486383,-0.8663890336044162,1
-0.1322411455520125,-1.3342091872625303,1.1770512001066786,1
0.10911419712229284,0.10997185646017271,0.9597198712673252,1
0.8064541868731706,-0.037527213341443384,0.22459452946206848,1
1.330585828198691,-0.1866550026559922,0.3849189096207524,1
0.571063064439213,0.43428324741603086,-1.2819539600352807,1
-1.1218522004897582,0.39952889801909947,1.2542037263160617,1
-0.04639476613333493,-0.30870614322732254,-0.9223049330744761,1
-0.827942188096115,-0.46970560665907507,0.7195509653524195,1
-0.3222565210425583,0.26865657187081743,0.18784619117717222,1
-0.9999549973165215,-0.12039119420114987,-0.12923763717072895,1
0.45367399535664754,-0.17672582170488166,0.9430759154950539,1
1.2966370124749254,-0.7397101854717392,0.41592807958695976,1
0.026266427356205435,0.006717133979270566,-0.9091256372798908,1
-0.003079528930972547,0.39948581658151516,-0.934392649762782,1
-1.6072729694519003,0.08596043495978598,0.2050121630080971,1
0.5281154333999692,-0.2544354758016468,0.8491779470660129,1
0.8798382766303492,-0.017755010846648336,-0.46238348914078364,1
-0.5378391907461847,-0.016992543394536947,0.8436489374747845,1
1.0183068544474005,-1.007498190307928,0.38810926105685656,1
0.5315825962305858,0.5121107008050725,-0.37340068376717583,1
0.13449702052847226,-0.17005739837096553,-0.4313288475029269,1
-0.7149261324450324,-0.0014838050991542616,-0.6949511338442589,1
-0.4530258208996404,-0.2590085366058996,-0.6164146688967965,1
0.2233367265655842,0.1472831955632531,-0.9717327475598077,1
0.24485285795433195,0.06589525396031837,0.9353041319122635,1
0.9304494452405387,0.25666165566760824,-0.1641417430765692,1
-0.9193979201892601,-0.014098445511320968,0.34426554744284854,1
-0.41956613084052186,0.283848335167149,-0.8757078487683365,1
1.0872453688490888,-0.006767620968289027,0.12595069670808404,1
1.182082926715498,0.1337001059036255,-0.1919613495445397,1
-0.17521331542538213,0.02185832846561621,0.8858166382327741,1
0.9223612929220756,-0.0024672336896774316,0.3828365846326992,1
-0.7131463992213162,0.9263097220844639,-0.1511723484594406,1
0.9363351691833379,-0.0988561744516186,0.6490674024391586,1
0.46635506314003566,0.23134591291374054,0.9052994195737167,1
-1.0513341210719622,0.5882351903208152,-0.44794784188841,1
-1.0740171650193284,-0.20061037783838725,0.605605618640012,1
0.743649320347594,-0.3874277229507352,0.09738870823525403,1
-0.6326763947487313,-0.3216162944542924,1.3758064582400005,1
-0.3353618989938704,0.09810351697181795,-0.9157544458289479,1
-1.1631448791739887,0.5142041255375105,-0.2621195628864824,1
-0.5819538973329483,-0.32214264321807196,-0.5737083093553993,1
-1.2709777886298375,-0.5800119686712679,-0.4612888717355901,1
-0.9327075440352821,-0.3709687645108962,-0.6398599116037541,1
1.5973382943304295,0.024734411660076765,-0.07112943560564414,1
-0.43887122320304794,-0.2510904501777251,0.8484309658422727,1
0.39992858864458186,0.01742558847199555,0.8892964161050542,1
-0.44536732578192556,-0.26877438169739315,-0.6735231738858881,1
0.7009093778644679,-0.7378452541995731,-0.08011432850651501,1
1.0725856007312908,0.5489997309278414,-0.5325556172937963,1
-0.886852273120872,0.07483298360109314,0.588110692771991,1
0.09948854262979412,-0.4506599914606223,0.21185891005457458,1
0.12878763392330606,0.18930276450398048,-1.137187852184873,1
1.0104162880883056,-0.09566651873118644,-0.0644364100017504,1
-1.147640145207969,-0.0059434085168793005,-0.3811863264313883,1
-0.5581584418792296,-0.015944601551669605,-0.9248015716501999,1
-0.4724424242179962,0.07414187606364558,0.8027081113019146,1
0.5366178416993943,-0.28202129607283805,-0.2260892054442546,1
-0.8222721091320461,-0.002663443838669547,0.6714097284585127,1
-0.1059530343710444,0.35985586244875795,-1.1390518143693655,1
-0.8201437122603777,0.02263132094958357,0.5718184212656255,1
-1.0382051397119092,-0.036197777991343896,-0.575814924427426,1
-0.025863826489881087,0.23652768916432018,0.00810785054433627,1
-1.3285241817541875,-0.14215775794278962,-0.361744735233563,1
1.185747840467465,0.6322775079747889,-0.6396098066171171,1
-1.1242339078760266,0.14201693642452767,0.25859928161943185,1
-0.8740074517532037,0.006063860516391066,-0.6393178424118876,1
-0.6812488953095182,0.04476107311175688,0.8199588743869132,1
-0.8077271607422745,-0.07220924506775163,0.509707008085454,1
-0.46809658710943847,-0.34895589760588064,0.19240199537724706,1
0.30977802651857067,0.5778181715008633,1.0073836988557916,1
1.0747624559378386,-0.04592092551625428,1.017137844161,1
-0.5570768682979855,-0.015859505579703878,-0.6965638914634593,1
-0.2394611135174603,-0.1984096423486289,-0.7481301745388854,1
-0.541676676148309,0.11744280853593339,-0.9142862906250497,1
0.7401236345316276,-0.3326193980818613,0.23481631104012501,1
-0.036262267862388176,0.14859501839460335,1.5549153389238826,1
0.3088447276492509,0.027526460662495943,1.0286008596591059,1
0.15582041527028928,0.024258714710804083,-0.9991815850200462,1
0.5025669526782819,0.3150502150263692,-0.6205359363750129,1
0.27573918250204216,0.23188249073895553,0.8466766457382401,1
-0.19312815219966467,0.19389764566246545,-2.3264334414572136,1
1.0868541143677422,-0.04870138302899578,0.21696839518523392,1
-0.1912963654536521,0.006690414519820434,0.9996479103285796,1
0.6115489739220231,-0.0196608263220264,0.7710228615985453,1
-0.3415951227023998,0.07201951310866997,1.976827162967046,1
-0.7943017379530938,-0.06740087396181291,-0.8363996769861728,1
0.826664089540478,0.038142359690445174,-0.5098816756645408,1
0.2915122981646692,-0.014801516128299474,0.9681995416842836,1
-0.9704474768086101,0.2463409658011399,-0.8763076011787772,1
-0.3802336029006919,0.2926986662191916,-1.1363782819689898,1
0.9151728726870028,-0.01065749088307031,-0.21899483013701798,1
-0.20603506656703496,-0.32957362720645517,-0.6500886194530512,1
-0.8043096092892025,0.3562533948583562,1.0386573857855783,1
-0.837461402523911,0.1609302750824443,-0.8188174962449639,1
-0.2781386883100972,-0.07830220609668263,0.5143411673086378,1
0.9241759912946593,-0.01431161011555466,-0.16782463338319978,1
-0.6583309522409471,-0.23740313809672625,0.7110888752734524,1
-0.2619362349643306,-0.057590953106584214,-0.8776852507036627,1
0.9377853689845712,-0.012155078988880463,0.4616985738842383,1
-0.8968073271634042,-0.314319402469684,0.36920098551127467,1
0.6951256042789611,0.1994415853370177,-0.6688120409723548,1
-0.84867417099948,-0.18870407056678165,-0.7040326515829376,1
-0.8460666260412302,0.25127817738719405,0.3941485485131346,1
0.3942145493763457,0.24401284745678387,-0.9454020974175181,1
0.6130624328625388,0.04512211665449664,-0.8043917814796973,1
-0.4691107892473716,-0.033295424565665005,0.7999823768667338,1
-0.7930641672040584,0.04512998270982629,-0.3598010117542644,1
-0.8821171188710648,0.017989434716779766,0.041959142186475874,1
-0.39290968554604705,0.3229694214464449,-0.8720880962598391,1
-0.44251757343112424,0.2205513616846532,1.2167550875699535,1
0.3665846803390933,0.019625312871657922,0.9752939471231933,1
0.7190614649659424,0.027837675677510082,-0.5672163236080776,1
1.0654779232519669,-0.2178822353665148,-0.268749563922434,1
0.6860310245455397,-0.029969226141918236,-1.4443556841206762,1
1.1469937239928296,0.2463682167293597,0.06723664078213717,1
-0.025737850467940797,-0.00970756805253151,-1.002966104997595,1
-0.3367201042059218,-0.09275427227380069,-0.8221435227115365,1
0.07618063114649083,0.004574597995167449,-0.9394906878204237,1
-1.5373463346482183,-0.11506785731706383,0.2814004886372524,1
-1.4946943219855702,0.471864402974979,0.9685251258229743,1
-0.28197763287014826,-0.30534849160019734,0.8232231566524165,1
-0.41774024047886443,-0.05214379293482807,-0.5897964454840456,1
0.227314873441487,0.15669138485650397,1.040462888035264,1
0.17841350858373772,-0.570855659336037,1.2292926390869188,1
-0.6041807826716721,-0.005461919247886085,-0.5264038654727103,1
-1.4518052254334588,-0.04275012551476685,-0.020501689826913472,1
0.15283364096971447,0.05780294248585766,1.212036836510873,1
0.29349535931117976,-0.04722132454435451,-0.8655301668791968,1
0.7460407749752132,-0.06098984246174227,-1.3994908763924805,1
0.42677654753804894,0.5954350065815356,1.775268106929737,1
-0.09171323529984776,-0.24100654543989666,0.4281902945174034,1
-0.8841488683232168,1.33902290927165,1.327590378616028,1
-0.587863763953277,-0.5377318171833628,-2.2086534776876983,1
0.5483897297533873,0.055160910601409395,-0.8374878787251583,1
0.26962168688463384,-0.10201851951909129,0.5782991346226011,1
0.020358942442894795,-0.03816581042784145,-1.0681402479127597,1
0.856110467639779,0.12699964506284855,0.47748425620479695,1
-0.7152863536430241,-0.34266278494306013,0.295466885213588,1
1.0273079663103355,0.02986688577726088,0.045319633789358195,1
0.857563399835787,0.06558400793103768,1.1350588332972864,1
0.4701627002355947,-0.0257549183864482,0.8000872529206823,1
-1.1595362954412307,-0.04476987613220862,0.5997999549711874,1
-1.1221077299681013,0.051353047681981054,-1.273241649939337,1
0.9039695385954999,-0.8402642434504275,0.10993040834412104,1
-0.10697941096183661,0.16281786746985996,0.31985332710700154,1
0.6265534109747322,-0.20489941256281707,0.5929145055232654,1
0.7094164675261382,-0.042639791772415676,0.7294748366768389,1
0.3409785193411218,-0.17366337962938766,-0.8292205349390953,1
-0.22806590419286202,0.2770539441089828,1.1386637820475993,1
-0.03652765922986734,0.6309457775795501,-0.32217582061211797,1
-0.8477492428995557,-0.10907177928967843,-0.8618724888593357,1
1.0315815499831755,-0.18605436778984882,-0.20412464342080316,1
0.7273741477907696,0.7623334451585212,-1.1026859975545187,1
0.6145452787858388,0.08035056103054085,1.045065272120917,1
-0.999660538501759,0.11292853341500954,0.48196492362227317,1
-0.943526167112872,0.677292051568234,-1.1022406788712416,1
-0.534262810342363,-0.0273474804813021,-0.15981968827882992,1
0.03330604359756906,0.39659961851629955,-0.6240034373226122,1
-0.7803862280158587,0.2770796184244977,0.007875655954313054,1
0.43459685358052935,-0.48179690915420625,-0.8517885903894564,1
0.8751527753961934,-0.03606949548607335,-0.07643707180180896,1
-1.1537572531404503,0.19866088278182306,-0.1709970258175022,1
0.7319140138039792,-0.47981441037128464,1.1173961050353443,1
-0.20890461996212178,0.023002756205062518,-0.6234719813150642,1
0.9449501790898701,-0.23642550503445994,-0.32355104516957733,1
-0.5767502591007128,0.4314419556945038,0.4470382168975014,1
-0.8523160371145416,-0.12623127653302538,0.22555505915273366,1
-0.6211445962582675,0.03459053913797181,0.3888071821212269,1
0.9889781092124733,-0.12282023038793538,0.4634980173029429,1
-1.0380289581621642,-0.03111645626000316,-0.86932434461295,1
-0.4975497777801602,-0.3771911510120959,1.0578129586991594,1
0.4383450965220063,0.04451967493423302,-1.9920568035424493,1
0.9339753436356536,-0.003978600415130493,-1.5315859569268504,1
0.5885541848470113,-0.4640970205606884,-1.7380506630448789,1
-1.1948122562044428,0.04315363926521934,-0.011876593647458744,1
-0.43412517323653566,-0.00016757023721597524,0.9002444813745911,1
0.20541146078835731,0.20265291185972065,-1.0119879462164962,1
0.21693710706994312,0.0026511482545934174,-1.1284682278691702,1
-1.090036059932872,-0.2632558312644457,0.4466922111281339,1
0.1289211610132046,-0.6144689208233477,-0.6937667049458115,1
0.740461160310759,-0.7030790072145966,0.7542350506626251,1
0.7290361418201394,-0.017961392439587307,-0.44658618693499286,1
0.9285330059461882,-0.008249000467323067,0.6002798585998952,1
0.9728666802371051,0.13778482605483666,1.0185147930355152,1
-1.4758725427562673,0.1986527698446692,-0.46809391943312195,1
1.4505990746621675,0.3752524379094739,0.6151982704569882,1
0.8176093240732295,0.18819734699485458,0.4567601847197273,1
0.8771217721826594,-0.06862024456314174,-0.04795175310360811,1
-0.2310464970429542,0.3137442482790796,1.250547243162131,1
0.1715244198371956,-0.020547129967141288,-0.9949633321498997,1
1.068613513609898,-0.4946593738413606,-0.5405815044094544,1
-1.111393075576507,-0.02029872196927,-0.4094287924818026,1
0.20437861375172903,-0.16709088170250969,-0.7008590151423444,1
0.4385648080889052,0.7088942335228843,1.3140188964631792,1
0.8114959096452437,-0.17980748117246792,0.7733297806864324,1
-0.19784230962976113,1.0151296523574311,-0.32150055615129586,1
0.2356984089296121,-0.08768937325549085,-1.5230514940658122,1
-1.0444260164406707,-0.0830620131853769,-0.30562033443742576,1
-0.3410477648203832,0.07576610962178013,-1.694685468395062,1
0.9929301512957316,-1.0230515276523098,0.5049047462491442,1
-1.1499190437548543,0.0549368727599618,0.20367042748458813,1
-0.03274448636845192,0.038076327354500464,-0.980812834419303,1
-0.199478678128881,-0.09424668075168201,0.9136849487093492,1
0.7344116782803971,0.3545528288785978,-1.1780496075493105,1
-1.274640037411207,-0.12182726624528349,0.1669090093557827,1
-0.08428584577275568,0.05571372695391061,-0.6074612257578774,1
-1.1152925245504128,0.9594579118035591,0.6751863562385778,1
-1.1151851909808537,-0.3307336427029341,0.48777013913102063,1
0.4806390931884809,0.0304463180297324,0.7740577675731287,1
-0.29444923834665004,-0.1357736567963076,1.1623550320700824,1
0.8299275739126999,-0.027817636215157253,-1.0101115366822095,1
0.7996024880834967,0.7595117712854748,1.1269002380058857,1
0.5847590190407581,0.33434142615112755,0.6926205719163524,1
0.35595088592545754,-0.742301177325092,1.37375801232155,1
0.5199264471422146,-0.20697435314110288,1.119603414301657,1
0.4550512168665066,-0.19750937046519446,-0.902206255127595,1
-0.851973911257309,-0.16780536915391908,0.6535646267335588,1
1.2078603702612152,0.0473955147400998,-0.39340467632668324,1
0.6568901900542954,-0.004809913088009925,0.7541019531777177,1
-0.6081163597540288,-0.17818576006323325,-0.9477644770010498,1
-0.8108170197367182,-0.18361757205505558,0.6654597839534583,1
-0.8313696982993644,0.03546798761058508,0.684620235404147,1
0.6402579971602276,0.437462298133832,-0.8898982789321164,1
0.6894182976671005,0.1161483851951475,-0.31621243973541324,1
0.7099434944567673,0.03553218215082058,-0.7089861948461308,1
0.5885679983574305,0.17148264013145106,0.9788882477697907,1
0.18733690966090696,-0.16295820703188674,0.7650934049368658,1
-0.25601480999713827,0.02804042275447135,-0.1711277330830122,1
0.25399114800880096,0.9140069892895814,1.0054446861051074,1
-0.9215072278251261,0.23658641085350227,-1.3466847658649526,1
-1.285486256463768,0.350729271993841,-0.2628360862189211,1
-0.8111455825596486,0.1838333115346127,-0.3500530418807896,1
0.5338024665288589,0.16272723009431614,-0.8318808178466774,1
-0.053136254803288124,-0.10085926262229904,-1.7698743435242967,1
0.9148125467245356,0.19737119791965535,0.19838505893217662,1
1.229109070492946,-0.06618320293762216,0.054920339240652094,1
0.06584611403769192,-0.5494747795911051,-0.14325047261785195,1
-0.9984227156375597,0.01908745729731226,0.06545371628679372,1
-1.0497633378296,0.28742967879264514,1.2651446009376184,1
-1.1029086322765123,0.41394849011036544,-0.20325380382946623,1
-0.24249259201172052,-0.01232624325762491,-1.104348952033782,1
-0.16372365188846394,0.39672577805588705,0.11064043329487538,1
-0.9340927067893947,0.016312940134800037,-0.37421935370783577,1
-0.6068033561537982,0.04185132179089243,0.7081586436339491,1
0.4439864196941168,-0.35283254179896634,0.7983380434873573,1
-1.433496129838391,-0.4599170850154831,-0.01901673673074601,1
-0.07334826706531383,-0.11942376575928208,0.6096064842245763,1
-0.8914449087607703,0.03171115037709703,-0.42954093167658636,1
-0.6852983138857605,0.28688979134373704,-0.25656880247485314,1
0.6109331166073987,-0.7093121154522255,0.9296759568597914,1
0.6154908870505647,0.541292299788081,-0.19160160275441449,1
0.2417298952963625,0.0028287333557829087,0.9894547938958778,1
0.8865760408164415,0.13847751818803555,-1.2866724286044366,1
-1.3422690328270728,0.4532088060457125,-0.47500883184647563,1
0.3003863755407147,0.0071810304540633795,0.7440739008648358,1
1.311276875148914,-0.2615725996832665,-0.35325376689909055,1
-0.10824572275988831,0.5949412923854938,0.18472593368814336,1
-0.8307769788598289,-0.0720673144179213,0.49616979698572755,1
1.6097855356570077,-0.44562408369929685,-0.6874909282397994,1
1.198976015912993,0.0007661852062128514,0.10471589716303736,1
0.37545784307274666,0.05601067389891511,1.3899982860598263,1
-0.6332965609892148,-0.009599075828480694,-0.5077117476055795,1
0.2149151993396145,-0.1728431055865244,0.9742222369966151,1
-0.43977644677055094,0.3446257876847177,-1.1671138341260159,1
0.1871065018510458,-0.0081803291357244,0.963588373559991,1
0.9895231271578114,-1.0498012601443847,1.0248472681247955,1
0.36296787722806195,-0.172952584081128,1.0314875963362733,1
-0.8902768792048942,0.22820039320695656,0.43355986141137776,1
-0.4425761633528766,-0.028056064135325867,0.5957291945389767,1
0.7211629096254979,0.7077785342087602,0.17655466571705924,1
0.8781088655354735,0.15530210982287204,-0.7936326884835679,1
-0.5207124013522587,0.29809790593032354,1.4513493188697497,1
-0.6028311992273959,0.028775067205872716,0.8237748699512017,1
1.2936677375736256,0.0530243401951754,0.42384027927143675,1
-1.0009567575260792,-0.00032855308718034317,0.9239479464698823,1
-0.06612396614822684,-0.11396436040181741,0.7507510350922236,1
-1.1453288110075335,-0.4066081839734131,-0.9889595222538532,1
-0.10441281943994057,-0.24728413116928047,0.9931270385263044,1
0.7780479412630107,-0.3154010373349835,-0.301518482810338,1
1.0204622450027774,0.07977448379185993,-0.6144105931287139,1
0.6786916289754429,-0.16366677370799815,0.5942923644310287,1
0.6659826147083007,-0.23771129378479128,0.5402375096904664,1
0.7708694190107194,-0.005502251853936559,0.643362374666894,1
-0.9985507664180199,-0.07010341713211406,-0.10016892544780276,1
0.6408765459789159,-0.020105268885450125,0.5697099205530585,1
0.6187485261703057,0.006126897741820578,-0.782594808666609,1
-0.06060780002019325,-0.02701647058060839,-0.6887387691451725,1
0.42440422370182895,-0.00031523528689894067,-0.8723237338207899,1
-1.0442553370960044,-0.03453244264393135,-0.1188452800078231,1
0.8054270061754562,0.24489468420405971,-0.21839901178674406,1
0.9665507712308793,0.07602748522256944,0.28685185420706927,1
-1.138937914711331,0.50700166376019,0.5473644932134495,1
0.8209085494747748,-0.6088392178158007,0.89574002440766,1
0.5513189321226442,0.4954922677651759,-0.3424745553518114,1
-0.8805707246753316,0.14716244149984964,-0.39249927100732884,1
-0.1690727658747489,-0.3805787995315979,-0.647315814449364,1
0.8155577450596084,1.1387602599377382,0.905973028213188,1
2.024094592863813,-1.1280593758227315,-0.25722902445842855,1
-0.9017692739552342,0.07578826344931462,0.21351139964007312,1
-0.6608242566513407,-0.3127975385319952,-0.6471360062675339,1
0.8620119563269718,0.015370284228495429,-0.10978462902291775,1
-0.7839027788628541,0.1115312553786789,0.6709651987851691,1
-0.4196764902332541,0.2503653201347144,0.2875359916367795,1
-0.381441829036736,0.4823196856024906,-0.45014152145293634,1
0.6888738758344447,0.22559803398772646,0.6394297701592885,1
-0.4289353826553653,0.008093614020254606,0.9018810650812046,1
0.3710634354401632,-0.2062988149611833,0.9580337401909603,1
0.6052714402132924,-0.12264087321264582,0.39088861278754794,1
1.3576576540268581,0.45831131622524324,-0.7104623932582356,1
-0.7920464230336609,0.027920235580764667,-0.5220536983083569,1
-0.38242877430523436,-0.47113331427940197,-0.14584742910488913,1
-0.5646508940220811,0.3823863000245243,0.5972778473219569,1
-1.2685508264097984,-0.2448791475912033,0.32071652178357946,1
-0.6396001479816907,-0.008638723178922676,-0.7592089355135061,1
1.0181997995891354,0.09720177098196937,-0.5635898225611056,1
0.74262716309674,-0.1858158352812154,-0.12587168090694106,1
-0.888670293294187,-0.07634493599134283,0.5126960177668313,1
0.8228858801606713,-0.8904979422952212,0.6206472495603804,1
-2.667454816251208,-0.656665351110425,0.2197753977277324,1
-1.2891427509009092,0.5052441976794699,-0.8430100313540144,1
-0.6319888313984992,-0.6203632862932531,0.025834268366637603,1
0.5336828848398001,-0.32948041280961593,-0.9657146075542682,1
-0.9344014680177143,-0.002949721982892263,-0.3287161119153699,1
-0.3007379088054529,-0.5904446841419901,1.3889413563994633,1
-0.6937377266662151,-0.13331323991277355,0.6534441916134863,1
-0.7226052019018183,0.006512862916826661,0.6930845818682937,1
0.6193579666110913,0.563479299708364,0.6226477401601914,1
1.0311905021945091,0.6327271743594838,1.4112757121306825,1
0.5086207575050541,-1.0822409537596256,-0.5658851749824476,1
-0.9493718047189723,-0.21866128604900664,0.6769435825329198,1
0.21801985837079732,-0.005092590500172505,0.9724782716447768,1
-1.2909641044891356,0.6807167795115665,-0.3111108330921595,1
-0.5001468885325002,-0.7110888673812468,-0.7365057932258372,1
-0.06818299629490679,0.024981798538654603,1.030647478386683,1
0.5633563317816455,-0.09472007222827618,-0.7797568240443709,1
0.6188793276027031,0.018648710420202934,-0.511124408808348,1
-0.7575100257586848,-0.27389130052706434,-0.3628951658369315,1
-0.4634440819750201,-0.06260094631815603,-0.8159473513652435,1
0.7025002797798299,-0.3094311269524494,1.09511541531666,1
0.7086901349180906,0.2825544088579064,0.20393984845235336,1
-0.8084177413030401,0.05240438644380406,0.6055253828644733,1
1.483077351774233,0.02511460218540053,-0.10168463911454084,1
-0.7869226523579016,0.005256193335586838,-0.5534925005568425,1
0.9721423964183812,0.05292108830340385,0.08491593571799685,1
0.6386327636317295,-0.4005110400077258,-0.26846405804042817,1
0.024612125893405057,0.033432947321563676,-0.9832311468904007,1
-1.3143576190230521,-0.20631253445572625,-0.09940446914182016,1
1.2465624027654498,-0.12394255648011192,0.21060172815236544,1
-0.04109334782571337,0.0005127659357865361,-0.9987929442633191,1
0.6396450890900488,-0.059561441725331496,-0.7932067998709467,1
-1.3946968059591882,0.86790737646059,0.394834475648436,1
-0.9134157962614105,-0.0016400565858474105,0.09045489915772835,1
1.4296542283981708,-0.17321534426755217,0.14639109997490732,1
0.06736873098184126,-0.11159782347390969,-1.0884698340559382,1
-0.5057826142432436,-0.11162499262504867,0.8012072381513204,1
0.6589800383004207,0.04852353854692875,-0.63577186563546,1
-0.7184512301687278,-0.07189176635876446,0.7037202508976637,1
-0.9785657556703831,-0.03689550988012352,0.21658806189837937,1
-0.12617817976478996,0.01068347817029924,1.0108112795557749,1
1.0952702384746016,0.1978015809280924,0.8346000334648885,1
0.4580451216302276,-0.15845724355463203,-1.5182188192916755,1
-0.844790601719448,0.0009048751666377541,-0.1412615153405236,1
-0.16485486865743615,0.02405617357959027,-0.047873090426464565,1
0.835745785133646,-0.5275211543551496,-0.07086354379099263,1
0.9198868811516151,0.009100657569035575,-0.235037900961213,1
0.2463634197696779,0.10194547669015559,-1.1240261422758528,1
0.38220132349452646,0.05102167797682279,0.9456228855964051,1
-1.1471032327082251,0.06784345786790624,0.08678342186673105,1
0.6687688900140136,-0.6178318512887161,-0.6839585905132997,1
-0.44584833265510404,0.20504135955032438,-0.10197061809655183,1
0.2979952065684104,0.27603705192099404,0.8700256375631422,1
0.5324286706166677,0.6389659341869374,-0.4481650956472784,1
-0.6453800419830279,0.07342315908918892,0.3730755861851661,1
-0.9538937334996901,0.20769579144957145,-0.5778029603205711,1
1.434917192320027,0.22581334184288002,-0.19025884209675725,1
-0.5794431224110199,0.1424345364024548,-0.2410198720861974,1
-0.38584592754287816,-0.3404434308983411,0.5435172754111641,1
-0.6730896406411125,-0.020599395321202463,0.7291130119574575,1
-0.865210989215381,0.0185473600163447,0.46936747285797276,1
0.7716825740885666,-1.2656563642708645,1.2667150976079107,1
0.46169070687435043,0.3050670984900185,-1.0875349678788058,1
0.3818716622603644,-0.20810425138935265,-0.6006479299542526,1
0.0013273863780057515,0.3377512400659923,0.8855684799863577,1
-1.1290780290987694,0.6210682854482675,0.15337069575619267,1
0.9402750834650654,0.05312312807535156,-1.657410735338853,1
1.328061558226599,0.370768555830735,0.09646909990285552,1
-1.0407638957974583,-0.11140406311030858,-0.05476645891555458,1
-1.025900921457852,0.17859467712937535,0.058793074258176065,1
-0.22295371337845465,0.10381983137963575,-0.8393880730727312,1
0.6193453529002957,-0.4310721375347744,0.21040645549958048,1
-0.4941226715678074,-0.738951510060743,-0.46681277347081457,1
-0.6815640955276195,-0.7283962554140518,1.1431062066164799,1
-0.6410846997421593,0.0019831934919913416,-0.7541723620158436,1
1.0797383487378323,-0.13808696532111275,-0.35264359813489815,1
-0.9859468110428276,0.008623265625331106,0.24423951340849603,1
-1.1344680613733436,0.46959416764607614,-0.46183730927098277,1
-0.18881022575198314,-0.5922167621961106,0.6074193451382752,1
0.6597490876538059,0.13529833927155457,0.7868300737101734,1
0.7037307085071033,-0.16286501224290265,0.6559286955908175,1
-0.4555378796514852,0.025695764157108284,0.8940065688486749,1
1.1602084085561346,0.5465703515543775,0.030146103753615927,1
0.7833341473438236,0.11310347282871931,-0.7708682823722226,1
-0.8706385622577988,0.031408357479385626,0.6059434341943708,1
0.2761192599762658,0.05849720553145227,-0.9786104383789731,1
0.9958589342104796,0.7511854008279999,0.26803433766235363,1
0.7783742864869019,-0.2295171447741562,0.570432966060529,1
-0.23532014772295567,0.25193007423369423,-0.7263490537456998,1
1.0100066174874365,0.028105720362114346,-0.6490922434741315,1
-0.7512626632054632,-0.038827603146475174,-0.6807399592567533,1
-0.9288365549801563,-0.03264927429907747,0.4660013874320592,1
-0.8104364267838715,0.4389547082300625,0.634783868740757,1
1.7229828870672135,-0.07474995750042286,1.1764756088896864,1
-0.8474561879692153,0.30786413096377074,-0.2586867567431253,1
1.156045506876626,0.14826459003856737,-0.03600455818306733,1
0.8928662661522607,-0.029634636254998684,-0.2760171408078709,1
0.7722792492490939,0.036380544606626944,0.9427848889985262,1
0.38413000851722406,-0.8005105654045231,-0.41174569411369955,1
-0.10090794735627809,-0.27523783086313663,1.237423113830458,1
0.7306443221557606,-0.7848076984281851,-0.3191132623304156,1
1.2752479362461728,-0.330721269956242,0.22527955909127834,1
0.13846130275170632,0.6630546754684387,-0.43932113080915586,1
0.6738835439474898,0.3250988920796225,-1.9037151426615315,1
0.5313002276481887,-0.5147796407983409,0.8045827081771637,1
0.5271067796805713,0.04408113609345116,0.49045647793713537,1
0.4524292001797451,0.10999777017745971,-0.8557224816740491,1
0.5421392230686627,-0.016422236354694267,0.8202890010447433,1
-1.0294668370466846,0.15906520585805947,-0.3312456471671306,1
0.7946260677295958,0.24294174497626625,-0.7792917919340647,1
-0.6934919033630192,-0.20696782652249887,-0.7217408820969636,1
-0.8353455216529613,0.043016029497748944,0.7015233489086581,1
